round,chosen,val_mae,val_rmse,avg_comm_ratio,cpu_percent,mem_mb,round_secs,energy_proxy
1,5,0.526172,0.683931,1.0000,15.80,360.08,1.904,0.300816
2,5,0.504262,0.661645,1.0000,14.40,363.06,1.332,0.191756
3,5,0.488186,0.645981,1.0000,12.00,363.92,1.356,0.162666
4,5,0.477170,0.635288,1.0000,17.10,364.53,1.356,0.231918
5,5,0.469890,0.628069,1.0000,23.10,373.52,1.340,0.309589
